{
  "model": "GOPRO 7 Hero Black",
  "mode": "Superview",
  "focal_length": {
    "x": 1665.17,
    "y": 1604.16
  },
  "shear": 1.43155,
  "principal_point": {
    "x": 1368.04,
    "y": 771.516
  },
  "k": [0.0984142, -0.975655, 0],
  "p": [-0.00120209, 0.00196812],
  "xi": 0.765742
}
