{
  "model": "Insta OneRS 360",
  "focal_length": {
    "x": 1241.79,
    "y": 1242.7
  },
  "shear": 0.356642,
  "principal_point": {
    "x": 540.279,
    "y": 959.875
  },
  "k": [0.307218, -0.0697542, 0],
  "p": [-0.00115393, 0.000505966],
  "xi": 1.36077
}
